Amount,Address
0.0001,0xeb8fC05a60cBaa9d6075d9F03248f1595747075f
0.00015,0xCcAd1D27285B37c34d445aBD9474609936b71D2D
0.000172,0xE84c387b8Cb670241F49f70e1fD8f110F74D0f02
0.0001,0xeb8fC05a60cBaa9d6075d9F03248f1595747075f